type,property_account_expense_categ/code,property_account_income_categ/code,name,property_stock_journal,donation_expense_account,family_id,msfid
Normal,61150,61150,DATA PROCESSING,,91100,LOG-A-ADAP,ADAP
Normal,61020,61020,FOOD FOR MSF STAFF,,,LOG-A-AFOO,AFOO
Normal,61170,61170,FURNITURES,,91100,LOG-A-AFUR,AFUR
Normal,61030,61030,TEAM LIFE,,,LOG-A-ALIF,ALIF
Normal,61220,61220,LOGISTIC STATIONERY,,91100,LOG-A-ALST,ALST
Normal,61220,61220,OFFICE EQUIPMENT,,91100,LOG-A-AOFF,AOFF
Normal,61220,61220,STATIONERY,,91100,LOG-A-ASTA,ASTA
Normal,61000,61000,BUILDING,,91100,LOG-C-CBUI,CBUI
Normal,61040,61040,SEMIPERMANENT SHELTER,,91100,LOG-C-CSEM,CSEM
Normal,61130,61130,SHELTERS,,91100,LOG-C-CSHE,CSHE
Normal,61010,61010,WATER AND SANITATION,,91100,LOG-C-CWAT,CWAT
Normal,61110,61110,SPARE PARTS HAYWARD,,91100,LOG-C-CXHA,CXHA
Normal,60200,60200,DIAGNOSTIC TESTS,,91000,MED-D-DDGT,DDGT
Normal,60000,60000,DISINFECTANTS,,91000,MED-D-DDIS,DDIS
Normal,60000,60000,OPHTALMIC DRUGS FOR EXTERNAL USE,,91000,MED-D-DEXO,DEXO
Normal,60000,60000,DRUGS EXTERNAL USE,,91000,MED-D-DEXT,DEXT
Normal,60000,60000,INFUSIONS,,91000,MED-D-DINF,DINF
Normal,60000,60000,INJECTABLE DRUGS,,91000,MED-D-DINJ,DINJ
Normal,60000,60000,ORAL DRUGS,,91000,MED-D-DORA,DORA
Normal,60010,60010,VACCINES,,91000,MED-D-DVAC,DVAC
Normal,60100,60100,ANAESTHESIA,,91000,MED-E-EANE,EANE
Normal,60100,60100,ANTHROPOMETRIC EQUIPMENT,,91000,MED-E-EANT,EANT
Normal,60100,60100,DIAGNOSTIC IMAGING EQUIPMENT,,91000,MED-E-EDIM,EDIM
Normal,60100,60100,HOSPITAL EQUIPMENT,,91000,MED-E-EHOE,EHOE
Normal,60110,60110,LABORATORY EQUIPMENT,,91000,MED-E-ELAE,ELAE
Normal,60210,60210,LINEN AND PROTECTIVE CLOTHING,,91000,MED-E-ELIN,ELIN
Normal,60210,60210,MEDICAL EQUIPMENT,,91000,MED-E-EMEQ,EMEQ
Normal,60210,60210,PHYSIOTHERAPY EQUIPMENT,,91000,MED-E-EPHY,EPHY
Normal,60100,60100,EQUIPMENT FOR PSYCHOLOGICQL SUPPORT,,,MED-E-EPSY,EPSY
Normal,60210,60210,NAIL OF SIGN MATERIAL,,91000,MED-E-ESIG,ESIG
Normal,60100,60100,STERILIZATION,,91000,MED-E-ESTE,ESTE
Normal,60210,60210,STRYKER MATERIAL FOR INTERNAL FIXATION,,91000,MED-E-ESTR,ESTR
Normal,60210,60210,DENTAL SURGICAL INSTRUMENTS,,91000,MED-E-ESUD,ESUD
Normal,60100,60100,SURGICAL INSTRUMENTS FOR EXTERNAL FIXATOR,,91000,MED-E-ESUF,ESUF
Normal,60100,60100,OPHTALMIC SURGICAL INSTRUMENTS,,91000,MED-E-ESUO,ESUO
Normal,60100,60100,SURGICAL INSTRUMENTS,,91000,MED-E-ESUR,ESUR
Normal,60210,60210,TRAINING MANNEQUINS,,91000,MED-E-ETMA,ETMA
Normal,60210,60210,TRAINING POSTERS,,91000,MED-E-ETPO,ETPO
Normal,60210,60210,DIAGNOSTIC IMAGING CHECKLISTS,,,MED-I-IDIM,IDIM
Normal,60210,60210,EMERGENCY ITEMS LIST,,,MED-I-IEME,IEME
Normal,60200,60200,LABORATORY CHECKLISTS,,,MED-I-ILAB,ILAB
Normal,60210,60210,PAEDIATRIC CHECKLISTS,,,MED-I-IPED,IPED
Normal,60210,60210,INTERNAL FIXATION CHECKLISTS,,,MED-I-ISUI,ISUI
Normal,61050,61050,ADMINISTRATION KITS,,91100,LOG-K-KADM,KADM
Normal,61050,61050,CAMPS KITS,,91100,LOG-K-KCAM,KCAM
Normal,61050,61050,COMMUNICATION KITS,,91100,LOG-K-KCOM,KCOM
Normal,61220,61220,"DOC - KIT, LIBRARY",,,LIB-K-KLIB,KLIB
Normal,60020,60020,MEDICAL KITS,,91000,MED-K-KMED,KMED
Normal,61050,61050,PROGRAMME SUPPORT KITS,,91000,LOG-K-KPRO,KPRO
Normal,60020,60020,DENTAL INSTRUMENT BOX,,91000,MED-K-KSUD,KSUD
Normal,60210,60210,OPHTHALMIC INSTRUMENT BOXES,,91000,MED-K-KSUO,KSUO
Normal,60020,60020,SURGICAL INSTRUMENTS SETS,,91000,MED-K-KSUR,KSUR
Normal,61050,61050,TRANSPORT KITS,,91100,LOG-K-KTRA,KTRA
Normal,61050,61050,WATER AND SANITATION KITS,,91100,LOG-K-KWAT,KWAT
Normal,61220,61220,DOC - MSF,,,LIB-L-L000,L000
Normal,61220,61220,DOC - MEDICINE GENERAL INFORMATION,,,LIB-L-L001,L001
Normal,61220,61220,DOC - INTERNAL MEDICINE,,,LIB-L-L002,L002
Normal,61220,61220,DOC - VIRAL INFECTIOUS DISEASES,,,LIB-L-L003,L003
Normal,61220,61220,DOC - BACTERIAL INFECTIOUS DISEASES,,,LIB-L-L004,L004
Normal,61220,61220,DOC - MYCOLOGICAL INFECTIOUS DISEASES,,,LIB-L-L005,L005
Normal,61220,61220,DOC - PARASITIC INFECTIOUS DISEASES,,,LIB-L-L006,L006
Normal,61220,61220,DOC - STD - AIDS,,,LIB-L-L007,L007
Normal,61220,61220,DOC - SURGERY-ANAESTHESIA-DENTISTRY-PHYSIOTHERAPY-TRANSF,,,LIB-L-L008,L008
Normal,61220,61220,DOC - GYNAECOLOGY - OBSTETRICS,,,LIB-L-L009,L009
Normal,61220,61220,DOC - PAEDIATRICS,,,LIB-L-L010,L010
Normal,61220,61220,DOC - OPHTHALMOLOGY - DERMATOLOGY,,,LIB-L-L011,L011
Normal,61220,61220,DOC - RADIOLOGY - MEDICAL IMAGING,,,LIB-L-L012,L012
Normal,61220,61220,DOC - LABORATORY,,,LIB-L-L013,L013
Normal,61220,61220,DOC - PHARMACOLOGY,,,LIB-L-L014,L014
Normal,61220,61220,DOC - IMMUNIZATION - COLD CHAIN,,,LIB-L-L015,L015
Normal,61220,61220,DOC - NUTRITION,,,LIB-L-L016,L016
Normal,61220,61220,DOC - REPRODUCTIVE HEALTH,,,LIB-L-L017,L017
Normal,61220,61220,DOC - WATER & SANITATION,,,LIB-L-L018,L018
Normal,61220,61220,DOC - REFUGEES - DISPLACED,,,LIB-L-L019,L019
Normal,61220,61220,DOC - EMERGENCIES - DISASTERS - CONFLICTS,,,LIB-L-L020,L020
Normal,61220,61220,DOC - TRAINING - EDUCATION,,,LIB-L-L021,L021
Normal,61220,61220,DOC - COMMUNITY HEALTH,,,LIB-L-L022,L022
Normal,61220,61220,DOC - ANTHROPOLOGY,,,LIB-L-L023,L023
Normal,61220,61220,DOC - EPIDEMIOLOGY - STATISTICS,,,LIB-L-L024,L024
Normal,61220,61220,DOC - HEALTH SERVICES MANAGEMENT,,,LIB-L-L025,L025
Normal,61220,61220,DOC - DRUGS MANAGEMENT,,,LIB-L-L026,L026
Normal,61220,61220,DOC - MENTAL HEALTH,,,LIB-L-L027,L027
Normal,61220,61220,DOC - HEALTH OF EXPATRIATES,,,LIB-L-L028,L028
Normal,61220,61220,DOC - NURSING - INFECTION CONTROL,,,LIB-L-L029,L029
Normal,61220,61220,DOC - INFECTION CONTROL,,,LIB-L-L030,L030
Normal,61220,61220,DOC - SOCIAL ISSUES,,,LIB-L-L031,L031
Normal,61220,61220,DOC - LOGISTICS,,,LIB-L-L040,L040
Normal,61220,61220,DOC - MECHANICS /TRANSPORT,,,LIB-L-L041,L041
Normal,61220,61220,DOC - TELECOMMUNICATION,,,LIB-L-L042,L042
Normal,61220,61220,DOC - BUILDING - SHELTERS,,,LIB-L-L043,L043
Normal,61220,61220,DOC - DATA PROCESSING,,91100,LIB-L-L044,L044
Normal,61220,61220,DOC - CATALOGUES & ORDER LISTS,,,LIB-L-L045,L045
Normal,61220,61220,DOC - FOOD AID,,,LIB-L-L046,L046
Normal,61220,61220,DOC - SUPPLY,,,LIB-L-L047,L047
Normal,61220,61220,DOC - ENERGY,,,LIB-L-L048,L048
Normal,61220,61220,DOC - ADMINISTRATION - FINANCES,,,LIB-L-L050,L050
Normal,61220,61220,DOC - HUMAN RESOURCES MANAGEMENT,,,LIB-L-L051,L051
Normal,61220,61220,DOC - SECURITY,,,LIB-L-L052,L052
Normal,61220,61220,DOC - MSF - GENERAL FACTS,,,LIB-L-L060,L060
Normal,61220,61220,DOC - MSF - PUBLICATIONS,,,LIB-L-L061,L061
Normal,61220,61220,DOC - MSF - INTERNAL DOCUMENTS,,,LIB-L-L062,L062
Normal,61220,61220,DOC - HUMANITARIAN ASSISTANCE,,,LIB-L-L070,L070
Normal,61220,61220,DOC - CONTEXTS - GEOPOLITICS,,,LIB-L-L071,L071
Normal,61220,61220,DOC - HUMANITARIAN ASSISTANCE - LAW,,,LIB-L-L072,L072
Normal,61220,61220,DOC - HUMANITARIAN ASSISTANCE - INTERVENTIONS,,,LIB-L-L073,L073
Normal,61220,61220,DOC - NTERNATIONAL ORGANISATIONS,,,LIB-L-L074,L074
Normal,61220,61220,DOC - NGO's,,,LIB-L-L075,L075
Normal,61220,61220,DOC - STATES: HUM. ASSISTANCE,,,LIB-L-L076,L076
Normal,61220,61220,DOC - LANGUAGES,,,LIB-L-L077,L077
Normal,61220,61220,DOC - LEAFLETS,,,LIB-L-LEAF,LEAF
Normal,61020,61020,FOOD COMMODITIES,,,MED-N-NFOO,NFOO
Normal,60030,60030,SPECIALIZED FOOD,,91000,MED-N-NFOS,NFOS
Normal,61020,61020,FOOD COMMODITIES STATIONARY,,91000,MED-N-NFST,NFST
Normal,60030,60030,SPECIALIAZED FOOD STATIONARY,,91000,MED-N-NSST,NSST
Normal,60120,60120,COLD CHAIN,,91000,LOG-P-PCOL,PCOL
Normal,61160,61160,COMMUNICATION,,91100,LOG-P-PCOM,PCOM
Normal,61030,61030,COOKING,,91100,LOG-P-PCOO,PCOO
Normal,61120,61120,ELECTRICITY,,91100,LOG-P-PELE,PELE
Normal,61220,61220,HARDWARE,,91100,LOG-P-PHDW,PHDW
Normal,61030,61030,HYGIENE,,91100,LOG-P-PHYG,PHYG
Normal,61030,61030,IDENTIFICATION,,,LOG-P-PIDE,PIDE
Normal,61220,61220,LIGHTING,,91100,LOG-P-PLIG,PLIG
Normal,61220,61220,PACKING AND HANDLING,,91100,LOG-P-PPAC,PPAC
Normal,61000,61000,PAINT,,91100,LOG-P-PPAI,PPAI
Normal,61220,61220,SAFETY AND PROTECTIVE EQUIPMENT,,91100,LOG-P-PSAF,PSAF
Normal,61100,61100,TOOLS,,91100,LOG-P-PTOO,PTOO
Normal,61120,61120,SPARE PARTS,,91100,LOG-P-PX--,PX--
Normal,61110,61110,SPARE PARTS DAVEY,,91100,LOG-P-PXDV,PXDV
Normal,61120,61120,SPARE PARTS HONDA,,91100,LOG-P-PXHO,PXHO
Normal,61110,61110,SPARE PARTS KOSHIN,,91100,LOG-P-PXKO,PXKO
Normal,61120,61120,SPARE PARTS LISTER,,91100,LOG-P-PXLI,PXLI
Normal,61120,61120,SPARE PARTS LOMBARDINI,,91100,LOG-P-PXLO,PXLO
Normal,61120,61120,SPARE PARTS ROBIN,,91100,LOG-P-PXRO,PXRO
Normal,61120,61120,SPARE PARTS YANMAR,,91100,LOG-P-PXYN,PXYN
Normal,60210,60210,"CATHETERS, TUBES AND DRAINS",,91000,MED-S-SCTD,SCTD
Normal,60210,60210,DIAGNOSTIC IMAGING SUPPLIES,,91000,MED-S-SDIM,SDIM
Normal,60210,60210,DRESSINGS,,91000,MED-S-SDRE,SDRE
Normal,60210,60210,NAIL OF SIGN MATERIAL,,,MED-S-SIGN,SIGN
Normal,60210,60210,INJECTION SUPPLIES,,91000,MED-S-SINS,SINS
Normal,60200,60200,LABORATORY REAGENTS,,91000,MED-S-SLAS,SLAS
Normal,60210,60210,MEDICAL STATIONERY,,91000,MED-S-SMST,SMST
Normal,60210,60210,SMALL MEDICAL SUPPLIES,,91000,MED-S-SMSU,SMSU
Normal,60210,60210,SUTURES,,91000,MED-S-SSUT,SSUT
Normal,60210,60210,STRYKER,,,MED-S-STRY,STRY
Normal,60210,60210,X-RAY SUPPLIES (STOPPED),,91000,MED-S-SXRS,SXRS
Normal,61140,61140,BOATS,,91100,LOG-T-TBOA,TBOA
Normal,61140,61140,HONDA,,91100,LOG-T-THON,THON
Normal,61140,61140,MERCEDES,,91100,LOG-T-TMER,TMER
Normal,61140,61140,PEUGEOT,,91100,LOG-T-TPEU,TPEU
Normal,61140,61140,TOYOTA VEHICLES,,91100,LOG-T-TTOY,TTOY
Normal,61210,61210,VEHICLES ACCESSORIES,,91100,LOG-T-TVEA,TVEA
Normal,61200,61200,VEHICLES CONSUMABLES,,91100,LOG-T-TVEC,TVEC
Normal,61210,61210,VEHICLES MODIFICATIONS,,91100,LOG-T-TVEM,TVEM
Normal,61210,61210,SPARE PARTS HONDA - 2,,91100,LOG-T-TXHO,TXHO
Normal,61210,61210,SPARE PARTS LAND ROVER,,91100,LOG-T-TXLA,TXLA
Normal,61210,61210,SPARE PARTS MERCEDES,,91100,LOG-T-TXME,TXME
Normal,61210,61210,SPARE PARTS PEUGEOT,,91100,LOG-T-TXPE,TXPE
Normal,61210,61210,SPARE PARTS TOYOTA,,91100,LOG-T-TXTO,TXTO
Normal,61210,61210,SPARE PARTS YAMAHA,,91100,LOG-T-TXYA,TXYA
Normal,64030,64030,CUSTOM FEES,,,SRV-X-XCUS,XCUS
Normal,64000,64000,FREIGHT,,,SRV-X-XFRE,XFRE
Normal,65400,65400,INSURANCE,,,SRV-X-XINS,XINS
Normal,65100,65100,MAINTENANCE,,,SRV-X-XMAI,XMAI
Normal,65010,65010,RENTAL,,,SRV-X-XREN,XREN
Normal,65100,65100,REPARATION,,,SRV-X-XREP,XREP
Normal,65720,65720,TAXE,,,SRV-X-XTAX,XTAX
Normal,64020,64020,TRANSPORT,,,SRV-X-XTRA,XTRA
