id,active,applies_to_type,can_delete,direction_usb,direction,domain,included_fields,type_id,model_id,owner_field,name,status,forced_values,sequence_number
msf_usb_sync_data_server.cp_res_groups,TRUE,TRUE,FALSE,cp_to_rw,Bidirectional,[],"['comment', 'from_file_import_res_groups', 'name', 'visible_res_groups']",USB,res.groups,,[CONFIG] Group,Valid,,1000
msf_usb_sync_data_server.cp_res_users,TRUE,TRUE,FALSE,cp_to_rw,Bidirectional,"[('active', '=', True)]","['email', 'login', 'name', 'user_email']",USB,res.users,,[CONFIG] Res Users,Valid,,1001
msf_usb_sync_data_server.cp_ir_model_data,TRUE,TRUE,FALSE,cp_to_rw,Bidirectional,[],"['group_id/id', 'model_id/id', 'name', 'perm_create', 'perm_read', 'perm_unlink', 'perm_write']",USB,ir.model.access,,[CONFIG] Access Control List,Valid,,1010
msf_usb_sync_data_server.bi_account_analytic_account,TRUE,TRUE,FALSE,bidirectional,Bidirectional,[],"['category', 'code', 'description', 'cost_center_ids/id', 'date_start', 'tuple_destination_account_ids/id', 'date', 'for_fx_gain_loss', 'type', 'name']",USB,account.analytic.account,,[MASTER] Account Analytic Account,Valid,,1100
msf_usb_sync_data_server.bi_account_analytic_account_tree,TRUE,TRUE,FALSE,bidirectional,Bidirectional,[],['parent_id/id'],USB,account.analytic.account,,[MASTER] Account Analytic Account Tree,Valid,,1101
msf_usb_sync_data_server.cp_proprietary_instance,TRUE,TRUE,FALSE,cp_to_rw,Bidirectional,[],"['code', 'instance', 'level', 'mission', 'move_prefix', 'name', 'note', 'reconcile_prefix', 'state']",USB,msf.instance,,[MASTER] Proprietary Instance,Valid,,1110
msf_usb_sync_data_server.cp_proprietary_instance_tree,TRUE,TRUE,FALSE,cp_to_rw,Bidirectional,"[('parent_id','!=','')]",['parent_id/id'],USB,msf.instance,,[MASTER] Proprietary Instance Tree,Valid,,1111
msf_usb_sync_data_server.cp_account_target_costcenter,TRUE,TRUE,TRUE,cp_to_rw,Bidirectional,"[('instance_id.state','=','active')]","['cost_center_id/id', 'instance_id/id', 'is_po_fo_cost_center', 'is_target', 'is_top_cost_center']",USB,account.target.costcenter,,[MASTER] Instance Cost Centers,Valid,,1120
msf_usb_sync_data_server.cp_account_target_costcenter_tree,TRUE,TRUE,TRUE,cp_to_rw,Bidirectional,"[('instance_id.state','=','active'), ('parent_id','!=','')]","['instance_id/id', 'parent_id/id']",USB,account.target.costcenter,,[MASTER] Instance Cost Centers Tree,Valid,,1121
msf_usb_sync_data_server.cp_fiscal_year,TRUE,TRUE,FALSE,cp_to_rw,Bidirectional,[],"['code', 'date_start', 'date_stop', 'name']",USB,account.fiscalyear,,[MASTER] Fiscal Year,Valid,,1130
msf_usb_sync_data_server.cp_periods,TRUE,TRUE,FALSE,cp_to_rw,Bidirectional,[],"['code', 'date_start', 'date_stop', 'fiscalyear_id/id', 'name', 'number', 'special']",USB,account.period,,[MASTER] Periods,Valid,,1140
msf_usb_sync_data_server.cp_currency_table_header,TRUE,TRUE,FALSE,cp_to_rw,Bidirectional,"[('state','=','valid')]","['code', 'name']",USB,res.currency.table,,[MASTER] Currency Table Header,Valid,,1150
msf_usb_sync_data_server.cp_currency,TRUE,TRUE,FALSE,cp_to_rw,Bidirectional,"['|', ('active', '=', ''), ('active', '!=', ''),('currency_table_id', '=', '')]","['accuracy', 'currency_name', 'name', 'rounding', 'symbol']",USB,res.currency,,[MASTER] Currency,Valid,,1151
msf_usb_sync_data_server.cp_currency_with_ref_to_cur_table,TRUE,TRUE,FALSE,cp_to_rw,Bidirectional,"['|', ('active', '=', ''), ('active', '!=', ''),('currency_table_id', '!=', '')]","['accuracy', 'currency_name', 'currency_table_id/id', 'name', 'reference_currency_id/id', 'rounding', 'symbol']",USB,res.currency,,[MASTER] Currency (with ref to cur table),Valid,,1152
msf_usb_sync_data_server.cp_currency_rate,TRUE,TRUE,FALSE,cp_to_rw,Bidirectional,"[('rate' , '!=' , ''),('currency_id', '!=', '')]","['currency_id/id', 'name', 'rate']",USB,res.currency.rate,,[MASTER] Currency Rate,Valid,,1153
msf_usb_sync_data_server.cp_currency_activator,TRUE,TRUE,FALSE,cp_to_rw,Bidirectional,"[('active', '!=', ''),('currency_table_id', '!=', '')]",['active'],USB,res.currency,,[MASTER] Currency activator,Valid,,1154
msf_usb_sync_data_server.cp_currency_table_header_state,TRUE,TRUE,FALSE,cp_to_rw,Bidirectional,"[('state','=','valid')]",['state'],USB,res.currency.table,,[MASTER] Currency Table Header State,Valid,,1155
msf_usb_sync_data_server.cp_gl_account_type,TRUE,TRUE,FALSE,cp_to_rw,Bidirectional,[],"['close_method', 'code', 'name', 'note', 'report_type']",USB,account.account.type,,[MASTER] GL Account Type,Valid,,1400
msf_usb_sync_data_server.cp_gl_accounts,TRUE,TRUE,FALSE,cp_to_rw,Bidirectional,[],"['code', 'default_destination_id/id', 'is_not_hq_correctible', 'name', 'note', 'reconcile', 'type', 'type_for_register', 'user_type/id']",USB,account.account,,[MASTER] GL Accounts,Valid,,1410
msf_usb_sync_data_server.cp_gl_accounts_tree,TRUE,TRUE,FALSE,cp_to_rw,Bidirectional,"[('parent_id', '!=', '')]",['parent_id/id'],USB,account.account,,[MASTER] GL Accounts Tree,Valid,,1411
msf_usb_sync_data_server.cp_analytical_journal_hq,TRUE,TRUE,FALSE,cp_to_rw,Bidirectional,"[('instance_id.level', '=', 'section')]","['active', 'code', 'name', 'type','instance_id/id']",USB,account.analytic.journal,,[MASTER] Analytical Journal (HQ),Valid,,1420
msf_usb_sync_data_server.cp_analytical_journal_coordo,TRUE,TRUE,FALSE,cp_to_rw,Bidirectional,"[('instance_id.level', '=', 'coordo')]","['active', 'code', 'name', 'type','instance_id/id']",USB,account.analytic.journal,,[MASTER] Analytical Journal (Coordo),Valid,,1421
msf_usb_sync_data_server.cp_analytical_journal_project,TRUE,TRUE,FALSE,cp_to_rw,Bidirectional,"[('instance_id.level', '=', 'project')]","['active', 'code', 'name', 'type','instance_id/id']",USB,account.analytic.journal,,[MASTER] Analytical Journal (Project),Valid,,1422
msf_usb_sync_data_server.cp_analytical_journal,TRUE,TRUE,FALSE,cp_to_rw,Bidirectional,[],"['active', 'code', 'name', 'type','instance_id/id']",USB,account.analytic.journal,,[MASTER] Analytical Journal,Valid,,1423
msf_usb_sync_data_server.cp_link_accounts_destination,TRUE,TRUE,FALSE,cp_to_rw,Bidirectional,[],"['account_id/id', 'destination_id/id']",USB,account.destination.link,,[MASTER] Link accounts Destination,Valid,,1430
msf_usb_sync_data_server.cp_analytic_distribution,TRUE,TRUE,FALSE,bidirectional,Bidirectional,[],['name'],USB,analytic.distribution,,[MASTER] Analytic Distribution,Valid,,1450
msf_usb_sync_data_server.cp_cost_center_distribution_line,TRUE,TRUE,FALSE,bidirectional,Bidirectional,[],"['amount', 'analytic_id/id', 'currency_id/id', 'date', 'destination_id/id', 'distribution_id/id', 'name', 'percentage', 'source_date']",USB,cost.center.distribution.line,,[MASTER] Cost Center Distribution Line ,Valid,,1460
msf_usb_sync_data_server.bi_funding_pool_distribution_line,TRUE,TRUE,FALSE,bidirectional,Bidirectional,[],"['amount', 'analytic_id/id', 'cost_center_id/id', 'currency_id/id', 'date', 'destination_id/id', 'distribution_id/id', 'name', 'percentage', 'source_date']",USB,funding.pool.distribution.line,,[MASTER] Funding Pool Distribution Line,Valid,,1461
msf_usb_sync_data_server.cp_free_1_distribution_line,TRUE,TRUE,FALSE,cp_to_rw,Bidirectional,[],"['amount', 'analytic_id/id', 'currency_id/id', 'date', 'destination_id/id', 'distribution_id/id', 'name', 'percentage', 'source_date']",USB,free.1.distribution.line,,[MASTER] Free 1 Distribution Line,Valid,,1470
msf_usb_sync_data_server.cp_free_2_distribution_line,TRUE,TRUE,FALSE,cp_to_rw,Bidirectional,[],"['amount', 'analytic_id/id', 'currency_id/id', 'date', 'destination_id/id', 'distribution_id/id', 'name', 'percentage', 'source_date']",USB,free.2.distribution.line,,[MASTER] Free 2 Distribution Line,Valid,,1471
msf_usb_sync_data_server.cp_gl_journal_non_registers,TRUE,TRUE,FALSE,cp_to_rw,Bidirectional,"[('type', '!=', 'cash'),('type', '!=', 'cheque'),('type', '!=', 'bank')]","['analytic_journal_id/id', 'code', 'currency/id', 'default_credit_account_id/id', 'default_debit_account_id/id', 'name', 'type','instance_id/id']",USB,account.journal,,[MASTER] GL Journal (Non Registers),Valid,,1500
msf_usb_sync_data_server.cp_gl_journals_registers_hq,TRUE,TRUE,FALSE,cp_to_rw,Bidirectional,"['|','|',('type', '=', 'cash'),('type', '=', 'cheque'),('type', '=', 'bank'),('instance_id.level', '=', 'section')]","['analytic_journal_id/id', 'code', 'currency/id', 'default_credit_account_id/id', 'default_debit_account_id/id', 'name', 'type','instance_id/id']",USB,account.journal,,[MASTER] GL Journals - Registers (HQ),Valid,,1501
msf_usb_sync_data_server.cp_gl_journals_registers_coordo,TRUE,TRUE,FALSE,cp_to_rw,Bidirectional,"['|','|',('type', '=', 'cash'),('type', '=', 'cheque'),('type', '=', 'bank'),('instance_id.level', '=', 'coordo')]","['analytic_journal_id/id', 'code', 'currency/id', 'default_credit_account_id/id', 'default_debit_account_id/id', 'name', 'type','instance_id/id']",USB,account.journal,,[MASTER] GL Journals - Registers (Coordo),Valid,,1502
msf_usb_sync_data_server.cp_gl_journals_registers,TRUE,TRUE,FALSE,cp_to_rw,Bidirectional,"['|','|',('type', '=', 'cash'),('type', '=', 'cheque'),('type', '=', 'bank')]","['analytic_journal_id/id', 'code', 'currency/id', 'default_credit_account_id/id', 'default_debit_account_id/id', 'name', 'type','instance_id/id']",USB,account.journal,,[MASTER] GL Journals - Registers,Valid,,1503
msf_usb_sync_data_server.cp_account_move_reconcile,TRUE,TRUE,FALSE,cp_to_rw,Bidirectional,[],"['name', 'type']",USB,account.move.reconcile,,[MASTER] Account Move Reconcile,Valid,,1510
msf_usb_sync_data_server.cp_account_move,TRUE,TRUE,FALSE,cp_to_rw,Bidirectional,[],"['date', 'document_date', 'journal_id/id', 'name', 'narration', 'period_id/id', 'ref', 'statement_line_ids/id', 'to_check','instance_id/id','status','employee_id/id','transfer_journal_id/id','manual_currency_id/id','block_manual_currency_id/id','partner_id2/id','analytic_distribution_id/id']",USB,account.move,,[MASTER] Account Move,Valid,,1520
msf_usb_sync_data_server.cp_account_move_line,TRUE,TRUE,FALSE,cp_to_rw,Bidirectional,[],"['account_id/id', 'accrual', 'analytic_account_id/id', 'analytic_distribution_id/id', 'blocked', 'cheque_number','corrected', 'credit', 'credit_currency', 'currency_id/id', 'date', 'date_created', 'date_maturity', 'debit', 'debit_currency', 'document_date', 'employee_id/id', 'have_an_historic', 'instance_id/id', 'is_addendum_line', 'is_transfer_with_change', 'is_write_off', 'journal_id/id', 'move_id/id', 'move_state', 'name', 'narration', 'partner_id/id','partner_txt','period_id/id', 'reconcile_id/id', 'ref', 'reversal', 'source_date', 'statement_id/id', 'reference', 'state','transfer_journal_id/id', 'transfer_amount']",USB,account.move.line,,[MASTER] Account Move Line,Valid,,1521
msf_usb_sync_data_server.cp_account_move_line_correction,TRUE,TRUE,FALSE,cp_to_rw,Bidirectional,"[('move_id','in',('account.move','id',[('state','=','posted')]))]","['corrected_line_id/id', 'instance_id/id', 'reversal_line_id/id']",USB,account.move.line,,[MASTER] Account Move Line Correction,Valid,,1522
msf_usb_sync_data_server.cp_account_move_line_register_line,TRUE,TRUE,FALSE,cp_to_rw,Bidirectional,[],"['corrected_st_line_id/id', 'instance_id/id']",USB,account.move.line,,[MASTER] Account Move Line / Register Line,Valid,,1523
msf_usb_sync_data_server.cp_register_line_account_move_line,TRUE,TRUE,FALSE,cp_to_rw,Bidirectional,"[('instance_id' , 'in' , ('msf.instance' , 'id' , [('level' , '=' , 'project')])),('statement_id','in',('account.bank.statement','id',[('state','!=','draft')])),'!',('state','=','draft')]","['first_move_line_id/id', 'instance_id/id']",USB,account.bank.statement.line,,[MASTER] Register Line / Account Move Line,Valid,,1530
msf_usb_sync_data_server.cp_account_move_state,TRUE,TRUE,FALSE,cp_to_rw,Bidirectional,[],"['instance_id/id', 'state']",USB,account.move,,[MASTER] Account Move State,Valid,,1540
msf_usb_sync_data_server.cp_analytical_line,TRUE,TRUE,FALSE,cp_to_rw,Bidirectional,[],"['account_id/id', 'amount', 'amount_currency', 'code', 'cost_center_id/id', 'currency_id/id', 'date', 'destination_id/id', 'distrib_line_id/id', 'document_date', 'general_account_id/id', 'instance_id/id', 'is_reallocated', 'is_reversal', 'journal_id/id', 'move_id/id', 'name', 'ref', 'reversal_origin/id', 'source_date']",USB,account.analytic.line,,[MASTER] Analytical Line,Valid,,1550
msf_usb_sync_data_server.cp_mission_stock_report,TRUE,TRUE,FALSE,cp_to_rw,Bidirectional,"[('full_view', '=', False)]","['full_view', 'instance_id/id', 'last_update', 'name']",USB,stock.mission.report,,[MASTER] Mission Stock Report,Valid,,1580
msf_usb_sync_data_server.cp_mission_stock_report_line,TRUE,TRUE,FALSE,cp_to_rw,Bidirectional,"[('full_view', '=', False)]","['categ_id/id', 'central_qty', 'central_val', 'cross_qty', 'cross_val', 'cu_qty', 'currency_id/id', 'cu_val', 'default_code', 'in_pipe_coor_qty', 'in_pipe_coor_val', 'in_pipe_qty', 'in_pipe_val', 'internal_qty', 'internal_val', 'mission_report_id/id', 'name', 'old_code', 'product_amc', 'product_id/id', 'reviewed_consumption', 'secondary_qty', 'secondary_val', 'stock_qty', 'stock_val', 'subtype', 'type', 'uom_id/id']",USB,stock.mission.report.line,,[MASTER] Mission Stock Report Line,Valid,,1581
msf_usb_sync_data_server.cp_country,TRUE,TRUE,FALSE,cp_to_rw,Bidirectional,[],"['code', 'name']",USB,res.country,,[MASTER] Country,Valid,,1600
msf_usb_sync_data_server.cp_state,TRUE,TRUE,FALSE,cp_to_rw,Bidirectional,[],"['code', 'country_id/id', 'name']",USB,res.country.state,,[MASTER] State,Valid,,1601
msf_usb_sync_data_server.cp_uom_categories,TRUE,TRUE,FALSE,cp_to_rw,Bidirectional,[],['name'],USB,product.uom.categ,,[MASTER] UoM Categories,Valid,,1610
msf_usb_sync_data_server.cp_uom,TRUE,TRUE,FALSE,cp_to_rw,Bidirectional,[],"['category_id/id', 'factor', 'factor_inv', 'name', 'rounding', 'uom_type']",USB,product.uom,,[MASTER] UoM,Valid,,1611
msf_usb_sync_data_server.cp_nomenclature,TRUE,TRUE,FALSE,cp_to_rw,Bidirectional,[],"['level', 'name', 'type']",USB,product.nomenclature,,[MASTER] Nomenclature,Valid,,1620
msf_usb_sync_data_server.cp_nomenclature_tree,TRUE,TRUE,FALSE,cp_to_rw,Bidirectional,"[('parent_id', '!=', '')]",['parent_id/id'],USB,product.nomenclature,,[MASTER] Nomenclature Tree,Valid,,1621
msf_usb_sync_data_server.cp_product_category,TRUE,TRUE,FALSE,cp_to_rw,Bidirectional,[],"['active', 'donation_expense_account/id', 'family_id/id', 'name', 'property_account_expense_categ/id', 'property_account_income_categ/id', 'property_stock_account_input_categ/id', 'property_stock_account_output_categ/id', 'property_stock_journal/id', 'property_stock_variation/id', 'type']",USB,product.category,,[MASTER] Product Category,Valid,,1630
msf_usb_sync_data_server.cp_product_category_tree,TRUE,TRUE,FALSE,cp_to_rw,Bidirectional,"[('parent_id', '!=', '')]",['parent_id/id'],USB,product.category,,[MASTER] Product Category Tree,Valid,,1631
msf_usb_sync_data_server.cp_justification_code,TRUE,TRUE,FALSE,cp_to_rw,Bidirectional,[],"['code', 'description']",USB,product.justification.code,,[MASTER] Justification Code,Valid,,1640
msf_usb_sync_data_server.cp_asset_type,TRUE,TRUE,FALSE,cp_to_rw,Bidirectional,[],['name'],USB,product.asset.type,,[MASTER] Product Asset Type,Valid,,1641
msf_usb_sync_data_server.bi_product_asset,TRUE,TRUE,FALSE,bidirectional,Bidirectional,[],"['comment', 'asset_type_id/id', 'product_id/id', 'serial_nb', 'orig_mission_code', 'nomenclature_description', 'year', 'invo_donator_code', 'arrival_date', 'prod_int_name', 'prod_int_code', 'invo_certif_depreciation', 'type', 'brand', 'invo_date', 'project_po', 'description', 'invo_supplier', 'local_ref', 'international_po', 'receipt_place', 'invo_currency/id', 'name', 'invo_num', 'hq_ref', 'invo_value', 'model']",USB,product.asset,,[MASTER] Product Asset,Valid,,1642
msf_usb_sync_data_server.cp_pricelist_type,TRUE,TRUE,FALSE,cp_to_rw,Bidirectional,[],"['key', 'name']",USB,product.pricelist.type,,[MASTER] Pricelist Type,Valid,,1645
msf_usb_sync_data_server.cp_price_list,TRUE,TRUE,FALSE,cp_to_rw,Bidirectional,[],"['active', 'currency_id/id', 'in_search', 'name', 'type']",USB,product.pricelist,,[MASTER] Price List,Valid,,1650
msf_usb_sync_data_server.cp_price_list_version,TRUE,TRUE,FALSE,cp_to_rw,Bidirectional,[],"['active', 'date_end', 'date_start', 'name', 'pricelist_id/id']",USB,product.pricelist.version,,[MASTER] Price List Version,Valid,,1651
msf_usb_sync_data_server.cp_all_partners,TRUE,TRUE,FALSE,cp_to_rw,Bidirectional,[],"['comment', 'credit_limit', 'customer', 'customer_lt', 'lang', 'manufacturer', 'name', 'partner_type', 'po_by_project', 'procurement_lt', 'property_account_payable/id', 'property_account_position/id', 'property_account_receivable/id', 'property_payment_term/id', 'property_product_pricelist/id', 'property_product_pricelist_purchase/id', 'property_stock_customer/id', 'property_stock_supplier/id', 'ref', 'supplier', 'supplier_lt', 'transport_0', 'transport_0_lt', 'transport_1', 'transport_1_lt', 'transport_2', 'transport_2_lt']",USB,res.partner,,[MASTER] Partner,Valid,,1660
msf_usb_sync_data_server.cp_all_partners_tree,TRUE,TRUE,FALSE,cp_to_rw,Bidirectional,"[('parent_id', '!=', '')]",['parent_id/id'],USB,res.partner,,[MASTER] Partner Tree,Valid,,1661
msf_usb_sync_data_server.cp_all_partners_address,TRUE,TRUE,FALSE,cp_to_rw,Bidirectional,[],"['active', 'city', 'country_id/id', 'email', 'fax', 'function', 'mobile', 'name', 'partner_id/id', 'phone', 'state_id/id', 'street', 'street2', 'title/id', 'type', 'zip']",USB,res.partner.address,,[MASTER] Partner Address,Valid,,1662
msf_usb_sync_data_server.cp_product_price_list,TRUE,TRUE,FALSE,cp_to_rw,Bidirectional,[],"['active', 'company_id/id', 'currency_id/id', 'currency_name', 'name', 'type']",USB,product.pricelist,,[MASTER] Product_price_list,Valid,,1670
msf_usb_sync_data_server.cp_country_restrictions,TRUE,TRUE,FALSE,cp_to_rw,Bidirectional,[],['name'],USB,res.country.restriction,,[MASTER] Country restrictions,Valid,,1680
msf_usb_sync_data_server.cp_standard_product_list,TRUE,TRUE,FALSE,cp_to_rw,Bidirectional,"[('standard_list_ok','=','True')]","['creation_date', 'description', 'last_update_date', 'name', 'order_list_print_ok', 'ref', 'standard_list_ok', 'type']",USB,product.list,,[MASTER] Standard Product List,Valid,,1690
msf_usb_sync_data_server.cp_standard_product_list_line,TRUE,TRUE,FALSE,cp_to_rw,Bidirectional,[],"['comment','list_id/id','ref','name/id']",USB,old.product.list.line,,[MASTER] Standard Product List Line,Valid,,1691
msf_usb_sync_data_server.cp_all_product,TRUE,TRUE,FALSE,cp_to_rw,Bidirectional,[],"['alert_time', 'batch_management', 'categ_id/id', 'closed_article', 'code', 'cold_chain', 'composed_kit', 'cost_method', 'country_restriction/id', 'dangerous_goods', 'default_code', 'description', 'description2', 'description_purchase', 'description_sale', 'gmdn_code', 'gmdn_description', 'heat_sensitive_item', 'international_status', 'justification_code_id/id', 'library', 'life_time', 'list_ids/id','med_device_class', 'name', 'name_template', 'narcotic', 'nomen_manda_0/id', 'nomen_manda_1/id', 'nomen_manda_2/id', 'nomen_manda_3/id', 'options_ids/id', 'perishable', 'procure_delay', 'procure_method', 'produce_delay', 'product_catalog_page', 'product_catalog_path', 'property_account_expense/id', 'property_account_income/id', 'property_stock_account_input/id', 'property_stock_account_output/id', 'restricted_country', 'short_shelf_life', 'single_use', 'sterilized', 'standard_price', 'sublist', 'subtype', 'supply_method', 'type', 'un_code', 'uom_id/id', 'uom_po_id/id','use_time', 'valuation', 'weight', 'weight_net']",USB,product.product,,[MASTER] Products,Valid,,1810
msf_usb_sync_data_server.cp_company,TRUE,TRUE,FALSE,cp_to_rw,Bidirectional,[],"['currency_id/id', 'name', 'partner_id/id', 'po_lead', 'rml_header', 'rml_header2', 'rml_header3', 'schedule_range', 'security_lead']",USB,res.company,,[MASTER] Company,Valid,,1890
msf_usb_sync_data_server.cp_stock_journal,TRUE,TRUE,FALSE,cp_to_rw,Bidirectional,[],"['name', 'user_id/id']",USB,stock.journal,,[MASTER] Stock Journal,Valid,,1900
msf_usb_sync_data_server.cp_warehouse,TRUE,TRUE,FALSE,cp_to_rw,Bidirectional,[],"['company_id/id', 'lot_dispatch_id/id', 'lot_distribution_id/id', 'lot_input_id/id', 'lot_output_id/id', 'lot_packing_id/id', 'lot_quarantine_id/id', 'lot_stock_id/id', 'name']",USB,stock.warehouse,,[MASTER] Warehouse,Valid,,1910
msf_usb_sync_data_server.cp_stock_location_chained_options,TRUE,TRUE,FALSE,cp_to_rw,Bidirectional,[],"['dest_location_id/id', 'location_id/id', 'nomen_id/id']",USB,stock.location.chained.options,,[MASTER] Stock Location Chained Options,Valid,,1911
msf_usb_sync_data_server.cp_location,TRUE,TRUE,TRUE,cp_to_rw,Bidirectional,[],"['address_id/id', 'chained_auto_packing', 'chained_journal_id/id', 'chained_location_type', 'location_category', 'location_id/id', 'name', 'usage', 'valuation_in_account_id/id', 'valuation_out_account_id/id']",USB,stock.location,,[MASTER] Location,Valid,,1912
msf_usb_sync_data_server.bi_pack_type,TRUE,TRUE,FALSE,bidirectional,Bidirectional,[],"['height', 'width', 'length', 'name']",USB,pack.type,,[MASTER] Pack Type,Valid,,1920
msf_usb_sync_data_server.cp_purchase_order_analytic_distrib_line,TRUE,TRUE,FALSE,cp_to_rw,Bidirectional,[],"['amount', 'analytic_id/id', 'currency_id/id', 'date', 'distribution_id/id', 'name', 'percentage', 'source_date']",USB,distribution.line,,[ALL] Analytic distribution line,Valid,,2001
msf_usb_sync_data_server.bi_batch_number,TRUE,TRUE,FALSE,bidirectional,Bidirectional,[],"['name', 'life_date', 'type', 'company_id/id', 'removal_date', 'use_date', 'prefix', 'product_id/id', 'alert_date', 'date', 'ref']",USB,stock.production.lot,,[ALL] Batch Number,Valid,,2002
msf_usb_sync_data_server.cp_tender,TRUE,TRUE,FALSE,cp_to_rw,Bidirectional,[],"['creator/id', 'location_id/id', 'product_id/id', 'warehouse_id/id']",USB,tender,,[PO] Tender,Valid,,2010
msf_usb_sync_data_server.cp_purchase_order,TRUE,TRUE,FALSE,cp_to_rw,Bidirectional,"[('state','!=','draft')]","['analytic_distribution_id/id', 'categ', 'company_id/id', 'currency_id/id', 'customer_id/id', 'details', 'date_order', 'delivery_requested_date', 'dest_partner_id/id', 'fiscal_position/id', 'functional_currency_id/id', 'incoterm_id/id', 'invoice_address_id/id', 'invoice_method', 'loan_id/id', 'location_id/id', 'name', 'order_type', 'origin_tender_id/id', 'partner_address_id/id', 'partner_id/id', 'pricelist_id/id', 'product_id/id', 'state', 'tender_id/id', 'transport_currency_id/id', 'transport_order_id/id', 'validator/id', 'warehouse_id/id']",USB,purchase.order,,[PO] Purchase_Order,Valid,,2020
msf_usb_sync_data_server.cp_purchase_order_merged_line,TRUE,TRUE,FALSE,cp_to_rw,Bidirectional,"[('order_id','in',('purchase.order','id',[('state','!=','draft')]))] ","['account_analytic_id/id', 'date_order', 'line_number', 'manufacturer_id/id', 'move_dest_id/id', 'name', 'nomenclature_code', 'nomenclature_description', 'nomen_manda_0/id', 'nomen_manda_1/id', 'nomen_manda_2/id', 'nomen_manda_3/id', 'nomen_sub_0/id', 'nomen_sub_1/id', 'nomen_sub_2/id', 'nomen_sub_3/id', 'nomen_sub_4/id', 'nomen_sub_5/id', 'order_id/id', 'partner_id/id', 'price_unit', 'product_id/id', 'product_qty', 'product_uom/id', 'second_manufacturer_id/id', 'state', 'third_manufacturer_id/id']",USB,purchase.order.merged.line,,[PO] Purchase Order Merged Line,Valid,,2021
msf_usb_sync_data_server.cp_purchase_order_line,TRUE,TRUE,FALSE,cp_to_rw,Bidirectional,"[('order_id','in',('purchase.order','id',[('state','!=','draft')]))] ","['account_4_distribution/id', 'account_analytic_id/id', 'analytic_distribution_id/id', 'currency_id/id', 'date_planned', 'functional_currency_id/id', 'line_number', 'manufacturer_id/id', 'merged_id/id', 'move_dest_id/id', 'name', 'nomenclature_code', 'nomenclature_description', 'nomen_manda_0/id', 'nomen_manda_1/id', 'nomen_manda_2/id', 'nomen_manda_3/id', 'nomen_sub_0/id', 'nomen_sub_1/id', 'nomen_sub_2/id', 'nomen_sub_3/id', 'nomen_sub_4/id', 'nomen_sub_5/id', 'order_id/id', 'partner_id/id', 'price_unit', 'procurement_id/id', 'product_id/id', 'product_qty', 'product_uom/id', 'second_manufacturer_id/id', 'state', 'tender_id/id', 'third_manufacturer_id/id']",USB,purchase.order.line,,[PO] Purchase_Order_line,Valid,,2022
msf_usb_sync_data_server.cp_picking_list,TRUE,TRUE,FALSE,cp_to_rw,Bidirectional,"[('type','=', 'in')]","['address_id/id', 'allocation_setup', 'attach_cert', 'auto_picking', 'backorder_id/id', 'cd_from_bo', 'certificate_donation', 'chained_from_in_stock_picking', 'change_reason', 'company_id/id', 'converted_to_standard', 'corresponding_in_picking_stock_picking/id', 'cross_docking_ok', 'currency_id/id', 'date', 'date_done', 'delivered', 'delivered_hidden', 'description_ppl', 'fake_type', 'first_shipment_packing_id/id', 'flow_type', 'from_so_ok', 'from_wkf', 'from_yml_test', 'has_draft_moves', 'inactive_product', 'invoice_state', 'is_dangerous_good', 'is_keep_cool', 'is_narcotic', 'location_dest_id/id', 'location_id/id', 'manual_min_date_stock_picking', 'max_date', 'min_date', 'min_date_manually', 'move_type', 'name', 'note', 'num_of_packs', 'order_category', 'origin', 'overall_qty', 'partner_id/id', 'partner_id2/id', 'partner_type_stock_picking', 'ppl_customize_label/id', 'previous_step_id/id', 'purchase_id/id', 'reason_type_id/id', 'sale_id/id', 'shipment_id/id', 'state', 'state_hidden', 'stock_journal_id/id', 'subtype', 'total_amount', 'total_volume', 'total_weight', 'transport_order_id/id', 'type', 'update_version_from_in_stock_picking', 'warehouse_id/id']",USB,stock.picking,,[PO] Stock Picking,Valid,,2030
msf_usb_sync_data_server.cp_stock_move,TRUE,TRUE,TRUE,cp_to_rw,Bidirectional,"[('type','=', 'in')]","['company_id/id', 'date', 'date_expected', 'line_number', 'location_dest_id/id', 'location_id/id', 'name', 'picking_id/id', 'product_id/id', 'product_qty', 'product_uom/id', 'product_uos/id', 'reason_type_id/id', 'expired_date', 'prodlot_id/id', 'state', 'purchase_line_id/id', 'length', 'pack_type/id', 'weight', 'height', 'width', 'from_pack', 'to_pack', 'total_amount', 'num_of_packs', 'sale_line_id/id']",USB,stock.move,,[PO] Stock Move,Valid,,2031
msf_usb_sync_data_server.cp_purchase_order_line_tree,TRUE,TRUE,FALSE,cp_to_rw,Bidirectional,"[('order_id','in',('purchase.order','id',[('state','!=','draft')]))] ",['move_ids/id'],USB,purchase.order.line,,[PO] Purchase_Order_line tree,Valid,,2035
msf_usb_sync_data_server.cp_tender_line,TRUE,TRUE,FALSE,cp_to_rw,Bidirectional,[],"['comment', 'currency_id/id', 'date_planned', 'price_unit', 'product_id/id', 'product_uom/id', 'purchase_order_id/id', 'purchase_order_line_id/id', 'purchase_order_line_number', 'qty', 'state', 'supplier_id/id', 'tender_id/id', 'to_correct_ok', 'total_price']",USB,tender.line,,[PO] Tender Line,Valid,,2040
msf_usb_sync_data_server.cp_account_commitment,TRUE,TRUE,FALSE,cp_to_rw,Bidirectional,[],"['analytic_distribution_id/id', 'currency_id/id', 'date', 'from_yml_test', 'journal_id/id', 'name', 'notes', 'partner_id/id', 'period_id/id', 'purchase_id/id', 'state', 'total', 'type']",USB,account.commitment,,[PO] account.commitment,Valid,,2050
msf_usb_sync_data_server.cp_account_commitment_line,TRUE,TRUE,FALSE,cp_to_rw,Bidirectional,[],"['account_id/id', 'amount', 'analytic_distribution_id/id', 'analytic_distribution_state', 'commit_id/id', 'first', 'from_yml_test', 'have_analytic_distribution_from_header', 'initial_amount', 'purchase_order_line_ids/id']",USB,account.commitment.line,,[PO] account.commitment.line,Valid,,2051
msf_usb_sync_data_server.cp_internal_request,TRUE,TRUE,FALSE,cp_to_rw,Bidirectional,"[('procurement_request', '=', True), ('state', '=', 'done')]","['categ', 'date_order', 'delivery_requested_date', 'invoice_quantity', 'location_requestor_id/id', 'name', 'order_policy', 'order_type', 'partner_id/id', 'partner_invoice_id/id', 'partner_order_id/id', 'partner_shipping_id/id', 'picking_policy', 'pricelist_id/id', 'procurement_request', 'ready_to_ship_date', 'split_type_sale_order', 'state']",USB,sale.order,,[INT] Sale Order,Valid,,2100
msf_usb_sync_data_server.cp_internal_request_line,TRUE,TRUE,FALSE,cp_to_rw,Bidirectional,"[('state', '=', 'done'), ('order_id' , 'in' , ('sale.order' , 'id' , [('procurement_request', '=', True), ('state', '=', 'done')]))]","['date_planned', 'delay', 'line_number', 'name', 'order_id/id', 'price_unit', 'product_id/id', 'product_uom/id', 'product_uom_qty', 'state', 'type']",USB,sale.order.line,,[INT] Sale Order Line,Valid,,2101
msf_usb_sync_data_server.cp_internal_move,TRUE,TRUE,FALSE,cp_to_rw,Bidirectional,"[('type', '=', 'internal'), ('state',  'in', ('assigned', 'confirmed'))]","['address_id/id', 'allocation_setup', 'attach_cert', 'auto_picking', 'backorder_id/id', 'cd_from_bo', 'certificate_donation', 'chained_from_in_stock_picking', 'change_reason', 'company_id/id', 'converted_to_standard', 'corresponding_in_picking_stock_picking/id', 'cross_docking_ok', 'currency_id/id', 'date', 'date_done', 'delivered', 'delivered_hidden', 'description_ppl', 'fake_type', 'first_shipment_packing_id/id', 'flow_type', 'from_so_ok', 'from_wkf', 'from_yml_test', 'has_draft_moves', 'inactive_product', 'invoice_state', 'is_dangerous_good', 'is_keep_cool', 'is_narcotic', 'location_dest_id/id', 'location_id/id', 'manual_min_date_stock_picking', 'max_date', 'min_date', 'min_date_manually', 'move_type', 'name', 'note', 'num_of_packs', 'order_category', 'origin', 'overall_qty', 'partner_id/id', 'partner_id2/id', 'partner_type_stock_picking', 'ppl_customize_label/id', 'previous_step_id/id', 'purchase_id/id', 'reason_type_id/id', 'sale_id/id', 'shipment_id/id', 'state', 'state_hidden', 'stock_journal_id/id', 'subtype', 'total_amount', 'total_volume', 'total_weight', 'transport_order_id/id', 'type', 'update_version_from_in_stock_picking', 'warehouse_id/id']",USB,stock.picking,,[INT] Stock Picking,Valid,,2110
msf_usb_sync_data_server.cp_internal_stock_move,TRUE,TRUE,FALSE,cp_to_rw,Bidirectional,"[('type', '=', 'internal'), ('state',  'in', ('assigned', 'confirmed'))]","['company_id/id', 'date', 'date_expected', 'line_number', 'location_dest_id/id', 'location_id/id', 'name', 'picking_id/id', 'product_id/id', 'product_qty', 'product_uom/id', 'product_uos/id', 'reason_type_id/id', 'expired_date', 'prodlot_id/id', 'state', 'purchase_line_id/id', 'length', 'pack_type/id', 'weight', 'height', 'width', 'from_pack', 'to_pack', 'total_amount', 'num_of_packs', 'sale_line_id/id']",USB,stock.move,,[INT] Stock Move,Valid,,2120
msf_usb_sync_data_server.cp_field_order,TRUE,TRUE,FALSE,cp_to_rw,Bidirectional,"[('state', 'in', ['done', 'sourced', 'manual', 'validated'])]","['categ', 'date_order', 'delivery_requested_date', 'invoice_quantity', 'location_requestor_id/id', 'name', 'order_policy', 'order_type', 'partner_id/id', 'partner_invoice_id/id', 'partner_order_id/id', 'partner_shipping_id/id', 'picking_policy', 'pricelist_id/id', 'procurement_request', 'ready_to_ship_date', 'split_type_sale_order', 'state', 'analytic_distribution_id/id']",USB,sale.order,,[FO] Sale Order,Valid,,2200
msf_usb_sync_data_server.cp_field_order_line,TRUE,TRUE,FALSE,cp_to_rw,Bidirectional,"[('state', 'in', ['done', 'sourced', 'confirmed', 'validated']), ('order_id' , 'in' , ('sale.order' , 'id' , [('state', 'in', ['done', 'sourced', 'manual', 'validated'])]))]","['date_planned', 'delay', 'line_number', 'name', 'order_id/id', 'price_unit', 'product_id/id', 'product_uom/id', 'product_uom_qty', 'state', 'type', 'confirmed_delivery_date']",USB,sale.order.line,,[FO] Sale Order Line,Valid,,2201
msf_usb_sync_data_server.cp_out_move,TRUE,TRUE,FALSE,cp_to_rw,Bidirectional,"[('type', '=', 'out'), ('state',  'in', ('draft', 'assigned', 'confirmed', 'done'))]","['address_id/id', 'allocation_setup', 'attach_cert', 'auto_picking', 'backorder_id/id', 'cd_from_bo', 'certificate_donation', 'chained_from_in_stock_picking', 'change_reason', 'company_id/id', 'converted_to_standard', 'corresponding_in_picking_stock_picking/id', 'cross_docking_ok', 'currency_id/id', 'date', 'date_done', 'delivered', 'delivered_hidden', 'description_ppl', 'fake_type', 'first_shipment_packing_id/id', 'flow_type', 'from_so_ok', 'from_wkf', 'from_yml_test', 'has_draft_moves', 'inactive_product', 'invoice_state', 'is_dangerous_good', 'is_keep_cool', 'is_narcotic', 'location_dest_id/id', 'location_id/id', 'manual_min_date_stock_picking', 'max_date', 'min_date', 'min_date_manually', 'move_type', 'name', 'note', 'num_of_packs', 'order_category', 'origin', 'overall_qty', 'partner_id/id', 'partner_id2/id', 'partner_type_stock_picking', 'ppl_customize_label/id', 'previous_step_id/id', 'purchase_id/id', 'reason_type_id/id', 'sale_id/id', 'shipment_id/id', 'state', 'state_hidden', 'stock_journal_id/id', 'subtype', 'total_amount', 'total_volume', 'total_weight', 'transport_order_id/id', 'type', 'update_version_from_in_stock_picking', 'warehouse_id/id']",USB,stock.picking,,[FO] Stock Picking,Valid,,2210
msf_usb_sync_data_server.cp_out_stock_move,TRUE,TRUE,FALSE,cp_to_rw,Bidirectional,"[('type', '=', 'out'), ('state',  'in', ('draft', 'assigned', 'confirmed', 'done'))]","['company_id/id', 'date', 'date_expected', 'line_number', 'location_dest_id/id', 'location_id/id', 'name', 'picking_id/id', 'product_id/id', 'product_qty', 'product_uom/id', 'product_uos/id', 'reason_type_id/id', 'expired_date', 'prodlot_id/id', 'state', 'purchase_line_id/id', 'length', 'pack_type/id', 'weight', 'height', 'width', 'from_pack', 'to_pack', 'total_amount', 'num_of_packs', 'sale_line_id/id']",USB,stock.move,,[FO] Stock Move,Valid,,2220
msf_usb_sync_data_server.cp_wkf_instance,TRUE,TRUE,FALSE,cp_to_rw,Bidirectional,"[('wkf_id', 'in', ('stock.picking.basic', 'account.commitment', 'Purchase Order Basic Workflow', 'stock.picking.basic'))]","['res_id', 'res_type', 'state', 'wkf_id/id']",USB,workflow.instance,,[ALL] Stock.picking.basic workflow instance,Valid,,2900
msf_usb_sync_data_server.cp_wkf_workitem,TRUE,TRUE,FALSE,cp_to_rw,Bidirectional,"[('wkf_id', 'in', ('stock.picking.basic', 'account.commitment', 'Purchase Order Basic Workflow', 'stock.picking.basic'))]","['act_id/id', 'inst_id/id', 'state', 'wkf_id/id']",USB,workflow.workitem,,[ALL] Stock.picking.basic workitem,Valid,,2901
msf_usb_sync_data_server.cp_wkf_workitem_tree,TRUE,TRUE,FALSE,cp_to_rw,Bidirectional,"[('wkf_id', 'in', ('stock.picking.basic', 'account.commitment', 'Purchase Order Basic Workflow', 'stock.picking.basic'))]",['subflow_id/id'],USB,workflow.workitem,,[ALL] Stock.picking.basic workitem tree,Valid,,2902
msf_usb_sync_data_server.rw_purchase_order,TRUE,TRUE,FALSE,rw_to_cp,Bidirectional,"[('state','!=','draft')]","['analytic_distribution_id/id', 'categ', 'company_id/id', 'currency_id/id', 'customer_id/id', 'details', 'date_order', 'delivery_requested_date', 'dest_partner_id/id', 'fiscal_position/id', 'functional_currency_id/id', 'incoterm_id/id', 'invoice_address_id/id', 'invoice_method', 'loan_id/id', 'location_id/id', 'name', 'order_type', 'origin_tender_id/id', 'partner_address_id/id', 'partner_id/id', 'pricelist_id/id', 'product_id/id', 'state', 'tender_id/id', 'transport_currency_id/id', 'transport_order_id/id', 'validator/id', 'warehouse_id/id']",USB,purchase.order,,[PO] Purchase_Order,Valid,,3150
msf_usb_sync_data_server.rw_purchase_order_merged_line,TRUE,TRUE,FALSE,rw_to_cp,Bidirectional,"[('order_id','in',('purchase.order','id',[('state','!=','draft')]))] ","['account_analytic_id/id', 'date_order', 'line_number', 'manufacturer_id/id', 'move_dest_id/id', 'name', 'nomenclature_code', 'nomenclature_description', 'nomen_manda_0/id', 'nomen_manda_1/id', 'nomen_manda_2/id', 'nomen_manda_3/id', 'nomen_sub_0/id', 'nomen_sub_1/id', 'nomen_sub_2/id', 'nomen_sub_3/id', 'nomen_sub_4/id', 'nomen_sub_5/id', 'order_id/id', 'partner_id/id', 'price_unit', 'product_id/id', 'product_qty', 'product_uom/id', 'second_manufacturer_id/id', 'state', 'third_manufacturer_id/id']",USB,purchase.order.merged.line,,[PO] Purchase Order Merged Line,Valid,,3151
msf_usb_sync_data_server.rw_purchase_order_line,TRUE,TRUE,FALSE,rw_to_cp,Bidirectional,"[('order_id','in',('purchase.order','id',[('state','!=','draft')]))] ","['account_4_distribution/id', 'account_analytic_id/id', 'analytic_distribution_id/id', 'currency_id/id', 'date_planned', 'functional_currency_id/id', 'line_number', 'manufacturer_id/id', 'merged_id/id', 'move_dest_id/id', 'name', 'nomenclature_code', 'nomenclature_description', 'nomen_manda_0/id', 'nomen_manda_1/id', 'nomen_manda_2/id', 'nomen_manda_3/id', 'nomen_sub_0/id', 'nomen_sub_1/id', 'nomen_sub_2/id', 'nomen_sub_3/id', 'nomen_sub_4/id', 'nomen_sub_5/id', 'order_id/id', 'partner_id/id', 'price_unit', 'procurement_id/id', 'product_id/id', 'product_qty', 'product_uom/id', 'second_manufacturer_id/id', 'state', 'tender_id/id', 'third_manufacturer_id/id']",USB,purchase.order.line,,[PO] Purchase_Order_line,Valid,,3152
msf_usb_sync_data_server.rw_incoming_stock_picking,TRUE,TRUE,FALSE,rw_to_cp,Bidirectional,"[('type','=', 'in')]","['address_id/id', 'allocation_setup', 'attach_cert', 'auto_picking', 'cd_from_bo', 'certificate_donation', 'chained_from_in_stock_picking', 'change_reason', 'company_id/id', 'converted_to_standard', 'corresponding_in_picking_stock_picking/id', 'cross_docking_ok', 'currency_id/id', 'date', 'date_done', 'delivered', 'delivered_hidden', 'description_ppl', 'fake_type', 'first_shipment_packing_id/id', 'flow_type', 'from_so_ok', 'from_wkf', 'from_yml_test', 'has_draft_moves', 'inactive_product', 'invoice_state', 'is_dangerous_good', 'is_keep_cool', 'is_narcotic', 'location_dest_id/id', 'location_id/id', 'manual_min_date_stock_picking', 'max_date', 'min_date', 'min_date_manually', 'move_type', 'name', 'note', 'num_of_packs', 'order_category', 'origin', 'overall_qty', 'partner_id/id', 'partner_id2/id', 'partner_type_stock_picking', 'ppl_customize_label/id', 'previous_step_id/id', 'purchase_id/id', 'reason_type_id/id', 'sale_id/id', 'shipment_id/id', 'state', 'state_hidden', 'stock_journal_id/id', 'subtype', 'total_amount', 'total_volume', 'total_weight', 'transport_order_id/id', 'type', 'update_version_from_in_stock_picking', 'warehouse_id/id']",USB,stock.picking,,[PO] Stock Picking,Valid,,3200
msf_usb_sync_data_server.rw_incoming_stock_picking_tree,TRUE,TRUE,FALSE,rw_to_cp,Bidirectional,"[('type','=', 'in')]",['backorder_id/id'],USB,stock.picking,,[PO] Stock Picking Tree,Valid,,3210
msf_usb_sync_data_server.rw_incoming_stock_move,TRUE,TRUE,TRUE,rw_to_cp,Bidirectional,"[('type', '=','in')]","['company_id/id', 'date', 'date_expected', 'line_number', 'location_dest_id/id', 'location_id/id', 'name', 'picking_id/id', 'product_id/id', 'product_qty', 'product_uom/id', 'product_uos/id', 'reason_type_id/id', 'expired_date', 'prodlot_id/id', 'state', 'purchase_line_id/id', 'length', 'pack_type/id', 'weight', 'height', 'width', 'from_pack', 'to_pack', 'total_amount', 'num_of_packs', 'sale_line_id/id']",USB,stock.move,,[PO] Stock Move,Valid,,3220
msf_usb_sync_data_server.rw_internal_stock_picking,TRUE,TRUE,FALSE,rw_to_cp,Bidirectional,"[('type', '=', 'internal')]","['address_id/id', 'allocation_setup', 'attach_cert', 'auto_picking', 'backorder_id/id', 'cd_from_bo', 'certificate_donation', 'chained_from_in_stock_picking', 'change_reason', 'company_id/id', 'converted_to_standard', 'corresponding_in_picking_stock_picking/id', 'cross_docking_ok', 'currency_id/id', 'date', 'date_done', 'delivered', 'delivered_hidden', 'description_ppl', 'fake_type', 'first_shipment_packing_id/id', 'flow_type', 'from_so_ok', 'from_wkf', 'from_yml_test', 'has_draft_moves', 'inactive_product', 'invoice_state', 'is_dangerous_good', 'is_keep_cool', 'is_narcotic', 'location_dest_id/id', 'location_id/id', 'manual_min_date_stock_picking', 'max_date', 'min_date', 'min_date_manually', 'move_type', 'name', 'note', 'num_of_packs', 'order_category', 'origin', 'overall_qty', 'partner_id/id', 'partner_id2/id', 'partner_type_stock_picking', 'ppl_customize_label/id', 'previous_step_id/id', 'purchase_id/id', 'reason_type_id/id', 'sale_id/id', 'shipment_id/id', 'state', 'state_hidden', 'stock_journal_id/id', 'subtype', 'total_amount', 'total_volume', 'total_weight', 'transport_order_id/id', 'type', 'update_version_from_in_stock_picking', 'warehouse_id/id']",USB,stock.picking,,[INT] Stock Picking,Valid,,3300
msf_usb_sync_data_server.rw_internal_stock_picking_tree,TRUE,TRUE,FALSE,rw_to_cp,Bidirectional,"[('type', '=', 'internal')]","['backorder_id/id', 'first_shipment_packing_id/id', 'previous_step_id/id']",USB,stock.picking,,[INT] Stock Picking Tree,Valid,,3701
msf_usb_sync_data_server.rw_internal_move,TRUE,TRUE,FALSE,rw_to_cp,Bidirectional,"[('type', '=', 'internal')]","['company_id/id', 'date', 'date_expected', 'line_number', 'location_dest_id/id', 'location_id/id', 'name', 'picking_id/id', 'product_id/id', 'product_qty', 'product_uom/id', 'product_uos/id', 'reason_type_id/id', 'expired_date', 'prodlot_id/id', 'state', 'purchase_line_id/id', 'length', 'pack_type/id', 'weight', 'height', 'width', 'from_pack', 'to_pack', 'total_amount', 'num_of_packs', 'sale_line_id/id']",USB,stock.move,,[INT] Stock Move,Valid,,3710
msf_usb_sync_data_server.bi_pps_shipment,TRUE,TRUE,FALSE,bidirectional,Bidirectional,"[('state','!=','draft')]","['transport_order_id/id', 'address_id/id', 'currency_id/id', 'partner_id/id', 'parent_id/id', 'sequence_id/id', 'invoice_id/id', 'partner_id2/id', 'date_of_departure', 'shipment_expected_date', 'consignee_date', 'shipper_name', 'carrier_address', 'total_weight', 'registration', 'planned_date_of_arrival', 'carrier_name', 'carrier_other', 'total_volume', 'consignee_email', 'shipment_actual_date', 'shipper_date', 'shipper_address', 'state', 'driver_name', 'carrier_signature', 'shipper_phone', 'carrier_phone', 'consignee_signature', 'num_of_packs', 'carrier_email', 'date', 'shipper_signature', 'total_amount', 'carrier_date', 'name', 'consignee_phone', 'cargo_manifest_reference', 'consignee_other', 'consignee_address', 'transit_via', 'transport_type', 'shipper_email', 'shipper_other', 'consignee_name', 'backshipment_id/id']",USB,shipment,,[PPS] Shipment,Valid,,3750
msf_usb_sync_data_server.rw_out_stock_picking,TRUE,TRUE,FALSE,rw_to_cp,Bidirectional,"[('type', '=', 'out')]","['address_id/id', 'allocation_setup', 'attach_cert', 'auto_picking', 'backorder_id/id', 'cd_from_bo', 'certificate_donation', 'chained_from_in_stock_picking', 'change_reason', 'company_id/id', 'converted_to_standard', 'corresponding_in_picking_stock_picking/id', 'cross_docking_ok', 'currency_id/id', 'date', 'date_done', 'delivered', 'delivered_hidden', 'description_ppl', 'fake_type', 'first_shipment_packing_id/id', 'flow_type', 'from_so_ok', 'from_wkf', 'from_yml_test', 'has_draft_moves', 'inactive_product', 'invoice_state', 'is_dangerous_good', 'is_keep_cool', 'is_narcotic', 'location_dest_id/id', 'location_id/id', 'manual_min_date_stock_picking', 'max_date', 'min_date', 'min_date_manually', 'move_type', 'name', 'note', 'num_of_packs', 'order_category', 'origin', 'overall_qty', 'partner_id/id', 'partner_id2/id', 'partner_type_stock_picking', 'ppl_customize_label/id', 'previous_step_id/id', 'purchase_id/id', 'reason_type_id/id', 'sale_id/id', 'shipment_id/id', 'state', 'state_hidden', 'stock_journal_id/id', 'subtype', 'total_amount', 'total_volume', 'total_weight', 'transport_order_id/id', 'type', 'update_version_from_in_stock_picking', 'warehouse_id/id']",USB,stock.picking,,[FO] Stock Picking,Valid,,3810
msf_usb_sync_data_server.rw_out_stock_picking_tree,TRUE,TRUE,FALSE,rw_to_cp,Bidirectional,"[('type', '=', 'out')]","['backorder_id/id', 'first_shipment_packing_id/id', 'previous_step_id/id']",USB,stock.picking,,[FO] Stock Picking Tree,Valid,,3811
msf_usb_sync_data_server.rw_out_move,TRUE,TRUE,FALSE,rw_to_cp,Bidirectional,"[('type', '=', 'out')]","['company_id/id', 'date', 'date_expected', 'line_number', 'location_dest_id/id', 'location_id/id', 'name', 'picking_id/id', 'product_id/id', 'product_qty', 'product_uom/id', 'product_uos/id', 'reason_type_id/id', 'expired_date', 'prodlot_id/id', 'state', 'purchase_line_id/id', 'length', 'pack_type/id', 'weight', 'height', 'width', 'from_pack', 'to_pack', 'total_amount', 'num_of_packs', 'sale_line_id/id']",USB,stock.move,,[FO] Stock Move,Valid,,3820
msf_usb_sync_data_server.bi_pps_sourcing_line,TRUE,TRUE,FALSE,bidirectional,Bidirectional,[],"['available_stock', 'categ', 'cf_estimated_delivery_date', 'company_id/id', 'customer/id', 'estimated_delivery_date', 'line_number', 'loan_type', 'name', 'po_cft', 'priority', 'procurement_request', 'product_id/id', 'qty', 'real_stock', 'reference', 'rts', 'sale_order_id/id', 'sale_order_line_id/id', 'sale_order_line_state', 'sale_order_state', 'sale_order_state_search', 'state', 'stock_uom_id/id', 'supplier/id', 'type', 'uom_id/id', 'virtual_stock']",USB,sourcing.line,,[PPS] Sourcing Line,Valid,,3900
msf_usb_sync_data_server.bi_procurement_order,TRUE,TRUE,FALSE,bidirectional,Bidirectional,[],"['close_move', 'company_id/id', 'date_close', 'date_planned', 'is_tender', 'is_tender_done', 'location_id/id', 'message', 'move_id/id', 'name', 'note', 'origin', 'po_cft', 'price_unit', 'priority', 'procure_method', 'product_id/id', 'product_qty', 'product_uom/id', 'product_uos/id', 'product_uos_qty', 'purchase_id/id', 'so_back_update_dest_po_id_procurement_order/id', 'so_back_update_dest_pol_id_procurement_order/id', 'state', 'supplier/id', 'tender_id/id']",USB,procurement.order,,[PPS] Procurement Order,Valid,,3902
msf_usb_sync_data_server.bi_other_real_average_consumption,TRUE,TRUE,FALSE,bidirectional,Bidirectional,[],"['activity_id/id', 'cons_location_id/id', 'created_ok', 'creation_date', 'hide_column_error_ok', 'name', 'nomen_manda_0/id', 'nomen_manda_1/id', 'nomen_manda_2/id', 'nomen_manda_3/id', 'period_from', 'period_to', 'picking_id/id', 'state', 'sublist_id/id']",USB,real.average.consumption,,[OTHER] Real Average Consumption,Valid,,4000
msf_usb_sync_data_server.bi_other_real_average_consumption_line,TRUE,TRUE,FALSE,bidirectional,Bidirectional,[],"['batch_mandatory', 'consumed_qty', 'date_mandatory', 'expiry_date', 'just_info_ok', 'move_id/id', 'prodlot_id/id', 'product_id/id', 'product_qty', 'rac_id/id', 'ref', 'remark', 'text_error', 'uom_id/id']",USB,real.average.consumption.line,,[OTHER] Real Average Consumption Line,Valid,,4001
msf_usb_sync_data_server.bi_other_monthly_review_consumption,TRUE,TRUE,FALSE,bidirectional,Bidirectional,[],"['cons_location_id/id', 'creation_date', 'hide_column_error_ok', 'nomen_id/id', 'nomen_manda_0/id', 'nomen_manda_1/id', 'nomen_manda_2/id', 'nomen_manda_3/id', 'period_from', 'period_to', 'sublist_id/id']",USB,monthly.review.consumption,,[OTHER] Monthly Review Consumption,Valid,,4010
msf_usb_sync_data_server.bi_other_monthly_review_consumption_line,TRUE,TRUE,FALSE,bidirectional,Bidirectional,[],"['fmc', 'fmc2', 'last_reviewed', 'last_reviewed2', 'mrc_creation_date', 'mrc_id/id', 'name/id', 'ref', 'text_error', 'valid_ok', 'valid_until']",USB,monthly.review.consumption.line,,[OTHER] Monthly Review Consumption Line,Valid,,4011
msf_usb_sync_data_server.bi_other_claim_return,TRUE,TRUE,FALSE,bidirectional,Bidirectional,[],"['category_return_claim', 'creation_date_return_claim', 'default_src_location_id_return_claim/id', 'description_return_claim', 'follow_up_return_claim', 'name', 'order_line_number_return_claim', 'partner_id_return_claim/id', 'picking_id_return_claim/id', 'po_id_return_claim/id', 'po_so_return_claim', 'so_id_return_claim/id', 'state', 'type_return_claim']",USB,return.claim,,[OTHER] Claim Return,Valid,,4020
msf_usb_sync_data_server.bi_other_claim_event,TRUE,TRUE,FALSE,bidirectional,Bidirectional,[],"['creation_date_claim_event', 'description_claim_event', 'event_picking_id_claim_event/id', 'from_picking_wizard_claim_event', 'name', 'order_claim_event', 'replacement_picking_expected_claim_event', 'return_claim_id_claim_event/id', 'state', 'type_claim_event']",USB,claim.event,,[OTHER] Claim Event,Valid,,4021
msf_usb_sync_data_server.bi_other_claim_product_line,TRUE,TRUE,FALSE,bidirectional,Bidirectional,[],"['asset_id_claim_product_line/id', 'claim_id_claim_product_line/id', 'composition_list_id_claim_product_line/id', 'expiry_date_claim_product_line', 'integrity_status_claim_product_line', 'lot_id_claim_product_line/id', 'name', 'product_id_claim_product_line/id', 'qty_claim_product_line', 'src_location_id_claim_product_line/id', 'stock_move_id_claim_product_line/id', 'type_check', 'uom_id_claim_product_line/id']",USB,claim.product.line,,[OTHER] Claim Product Line,Valid,,4022
msf_usb_sync_data_server.bi_other_composition_kit,TRUE,TRUE,FALSE,bidirectional,Bidirectional,[],"['active', 'composition_batch_check', 'composition_creation_date', 'composition_description', 'composition_expiry_check', 'composition_kit_creation_id/id', 'composition_lot_id/id', 'composition_product_id/id', 'composition_ref_exp', 'composition_type', 'composition_version_txt', 'state', 'composition_reference']",USB,composition.kit,,[OTHER] Composition Kit,Valid,,4030
msf_usb_sync_data_server.bi_other_composition_kit_tree,TRUE,TRUE,FALSE,bidirectional,Bidirectional,[],['composition_version_id/id'],USB,composition.kit,,[OTHER] Composition Kit Tree,Valid,,4030
msf_usb_sync_data_server.bi_other_composition_item,TRUE,TRUE,FALSE,bidirectional,Bidirectional,[],"['item_asset_id/id', 'item_description', 'item_exp', 'item_kit_id/id', 'item_lot', 'item_module', 'item_product_id/id', 'item_qty', 'item_stock_move_id/id', 'item_uom_id/id', 'state', 'text_error', 'to_correct_ok']",USB,composition.item,,[OTHER] Composition Item,Valid,,4031
msf_usb_sync_data_server.bi_other_kit_creation,TRUE,TRUE,FALSE,bidirectional,Bidirectional,[],"['batch_check_kit_creation', 'consider_child_locations_kit_creation', 'creation_date_kit_creation', 'default_location_src_id_kit_creation/id', 'expiry_check_kit_creation', 'internal_picking_id_kit_creation/id', 'location_dest_id_kit_creation/id', 'name', 'notes_kit_creation', 'product_id_kit_creation/id', 'qty_kit_creation', 'state', 'to_consume_sequence_id/id', 'uom_id_kit_creation/id', 'version_id_kit_creation/id']",USB,kit.creation,,[OTHER] Kit Creation,Valid,,4032
msf_usb_sync_data_server.bi_other_kit_creation_to_consume,TRUE,TRUE,FALSE,bidirectional,Bidirectional,[],"['availability_to_consume', 'consumed_to_consume', 'kit_creation_id_to_consume/id', 'line_number_to_consume', 'location_src_id_to_consume/id', 'module_to_consume', 'product_id_to_consume/id', 'qty_consumed_to_consume', 'qty_to_consume', 'uom_id_to_consume/id']",USB,kit.creation.to.consume,,[OTHER] Kit Creation To Consume,Valid,,4033
msf_usb_sync_data_server.bi_other_stock_frequence,TRUE,TRUE,FALSE,bidirectional,Bidirectional,[],"['daily_frequency', 'daily_frequency_ok', 'end_date', 'end_date_ok', 'last_run', 'monthly_choose_day', 'monthly_choose_freq', 'monthly_day01', 'monthly_day02', 'monthly_day03', 'monthly_day04', 'monthly_day05', 'monthly_day06', 'monthly_day07', 'monthly_day08', 'monthly_day09', 'monthly_day10', 'monthly_day11', 'monthly_day12', 'monthly_day13', 'monthly_day14', 'monthly_day15', 'monthly_day16', 'monthly_day17', 'monthly_day18', 'monthly_day19', 'monthly_day20', 'monthly_day21', 'monthly_day22', 'monthly_day23', 'monthly_day24', 'monthly_day25', 'monthly_day26', 'monthly_day27', 'monthly_day28', 'monthly_day29', 'monthly_day30', 'monthly_day31', 'monthly_frequency', 'monthly_one_day', 'monthly_repeating_ok', 'name', 'no_end_date', 'recurrence_nb', 'recurrence_ok', 'recurrence_type', 'start_date', 'weekly_frequency', 'weekly_friday_ok', 'weekly_monday_ok', 'weekly_saturday_ok', 'weekly_sunday_ok', 'weekly_thursday_ok', 'weekly_tuesday_ok', 'weekly_wednesday_ok', 'yearly_choose_day', 'yearly_choose_freq', 'yearly_choose_month', 'yearly_choose_month_freq', 'yearly_date_ok', 'yearly_day', 'yearly_day_ok', 'yearly_frequency']",USB,stock.frequence,,[OTHER] Stock Frequence,Valid,,4040
msf_usb_sync_data_server.bi_other_stock_warehouse_orderpoint,TRUE,TRUE,FALSE,bidirectional,Bidirectional,[],"['active', 'company_id/id', 'location_id/id', 'logic', 'name', 'procurement_id/id', 'product_id/id', 'product_max_qty', 'product_min_qty', 'product_uom/id', 'qty_multiple', 'warehouse_id/id']",USB,stock.warehouse.orderpoint,,[OTHER] Stock Warehouse Orderpoint,Valid,,4041
msf_usb_sync_data_server.bi_other_stock_warehouse_automatic_supply,TRUE,TRUE,FALSE,bidirectional,Bidirectional,[],"['active', 'category_id/id', 'company_id/id', 'frequence_id/id', 'location_id/id', 'name', 'nomen_manda_0/id', 'nomen_manda_1/id', 'nomen_manda_2/id', 'nomen_manda_3/id', 'procurement_id/id', 'product_id/id', 'product_ids/id', 'product_qty', 'product_uom_id/id', 'sequence', 'sublist_id/id', 'warehouse_id/id']",USB,stock.warehouse.automatic.supply,,[OTHER] Stock Warehouse Automatic Supply,Valid,,4042
msf_usb_sync_data_server.bi_other_stock_warehouse_automatic_supply_line,TRUE,TRUE,FALSE,bidirectional,Bidirectional,[],"['product_id/id', 'product_qty', 'product_uom_id/id', 'supply_id/id']",USB,stock.warehouse.automatic.supply.line,,[OTHER] Stock Warehouse Automatic Supply Line,Valid,,4043
msf_usb_sync_data_server.bi_other_stock_warehouse_order_cycle,TRUE,TRUE,FALSE,bidirectional,Bidirectional,[],"['active', 'category_id/id', 'company_id/id', 'consumption_period_from', 'consumption_period_to', 'frequence_id/id', 'leadtime', 'location_id/id', 'manual_consumption', 'name', 'next_date', 'nomen_manda_0/id', 'nomen_manda_1/id', 'nomen_manda_2/id', 'nomen_manda_3/id', 'order_coverage', 'past_consumption', 'product_id/id', 'product_line_ids/id', 'reviewed_consumption', 'safety_stock_time', 'sublist_id/id', 'warehouse_id/id']",USB,stock.warehouse.order.cycle,,[OTHER] Stock Warehouse Order Cycle,Valid,,4044
msf_usb_sync_data_server.bi_other_stock_warehouse_order_cycle_line,TRUE,TRUE,FALSE,bidirectional,Bidirectional,[],"['order_cycle_id/id', 'product_id/id', 'safety_stock', 'uom_id/id']",USB,stock.warehouse.order.cycle.line,,[OTHER] Stock Warehouse Order Cycle Line,Valid,,4045
msf_usb_sync_data_server.bi_other_threshold_value,TRUE,TRUE,FALSE,bidirectional,Bidirectional,[],"['active', 'compute_method', 'consumption_method', 'consumption_period_from', 'consumption_period_to', 'frequency', 'lead_time', 'location_id/id', 'name', 'nomen_manda_0/id', 'nomen_manda_1/id', 'nomen_manda_2/id', 'nomen_manda_3/id', 'product_ids/id', 'safety_month', 'sublist_id/id', 'supplier_lt', 'warehouse_id/id']",USB,threshold.value,,[OTHER] Threshold Value,Valid,,4050
msf_usb_sync_data_server.bi_other_threshold_value_line,TRUE,TRUE,FALSE,bidirectional,Bidirectional,[],"['fake_threshold_value', 'fixed_product_qty', 'fixed_threshold_value', 'product_id/id', 'product_uom_id/id', 'threshold_value_id/id', 'threshold_value_id2/id']",USB,threshold.value.line,,[OTHER] Threshold Value Line,Valid,,4051
msf_usb_sync_data_server.bi_other_procurement_rules_report,FALSE,TRUE,FALSE,bidirectional,Bidirectional,[],"['auto_supply_ok', 'location_id/id', 'min_max_ok', 'nomen_manda_0/id', 'nomen_manda_1/id', 'nomen_manda_2/id', 'nomen_manda_3/id', 'order_cycle_ok', 'product_id/id', 'product_name', 'product_reference', 'threshold_ok']",USB,procurement.rules.report,,[OTHER] Procurement Rules Report,Valid,,4053
msf_usb_sync_data_server.bi_other_product_asset_event,FALSE,TRUE,FALSE,bidirectional,Bidirectional,[],"['auto_supply_ok', 'location_id/id', 'min_max_ok', 'nomen_manda_0/id', 'nomen_manda_1/id', 'nomen_manda_2/id', 'nomen_manda_3/id', 'order_cycle_ok', 'product_id/id', 'product_name', 'product_reference', 'threshold_ok']",USB,procurement.rules.report,,[OTHER] Procurement Rules Report,Valid,,4054
msf_usb_sync_data_server.user_groups,TRUE,TRUE,FALSE,cp_to_rw,Bidirectional,[],"['comment', 'menu_access/id', 'name', 'visible_res_groups']",USB,res.groups,,[USER RIGHTS] User Groups,Valid,,4400
msf_usb_sync_data_server.ACL,TRUE,TRUE,TRUE,cp_to_rw,Bidirectional,[],"['group_id/id', 'model_id/id', 'name', 'perm_create', 'perm_read', 'perm_unlink', 'perm_write']",USB,ir.model.access,,[USER RIGHTS] Access Control Lists,Valid,,4401
msf_usb_sync_data_server.record_rules,TRUE,TRUE,TRUE,cp_to_rw,Bidirectional,[],"['domain_force', 'global', 'groups/id', 'model_id/id', 'name', 'perm_create', 'perm_read', 'perm_unlink', 'perm_write']",USB,ir.rule,,[USER RIGHTS] Record Rules,Valid,,4402
msf_usb_sync_data_server.access_rights_header,TRUE,TRUE,TRUE,cp_to_rw,Bidirectional,[],"['active', 'comment', 'domain_id/id', 'domain_text', 'family_model_ids/id', 'group_ids/id', 'instance_level', 'model_id/id', 'model_name', 'name', 'status']",USB,msf_field_access_rights.field_access_rule,,[USER RIGHTS] Field Access Rules,Valid,,4403
msf_usb_sync_data_server.access_rights_lines,TRUE,TRUE,TRUE,cp_to_rw,Bidirectional,[],"['field/id', 'field_access_rule/id', 'field_access_rule_model_id', 'field_name', 'value_not_synchronized_on_create', 'value_not_synchronized_on_write', 'write_access']",USB,msf_field_access_rights.field_access_rule_line,,[USER RIGHTS] Field Access Rule Lines,Valid,,4404
msf_usb_sync_data_server.button_access_rules,TRUE,TRUE,FALSE,cp_to_rw,Bidirectional,[],"['active', 'comment', 'group_ids/id', 'group_names', 'label', 'model_id/id', 'name', 'type', 'view_id/id']",USB,msf_button_access_rights.button_access_rule,,[USER RIGHTS] Button Access Rules,Valid,,4405
